filename,artist,source,title,year,url
turner_00000.jpg,turner,wikiart.org,"The Pantheon, the Morning after the Fire",,https://uploads7.wikiart.org/images/william-turner/the-pantheon-the-morning-after-the-fire.jpg!Large.jpg
turner_00001.jpg,turner,wikiart.org,"Tintern Abbey. The Crossing and Chancel, Looking Towards the East Window",,https://uploads2.wikiart.org/00287/images/william-turner/tintern-abbey-the-crossing-and-chancel-looking-towards-the-east-window-1794.jpg!Large.jpg
turner_00002.jpg,turner,wikiart.org,Cathedral Church at Lincoln,,https://uploads4.wikiart.org/images/william-turner/cathedral-church-at-lincoln.jpg!Large.jpg
turner_00003.jpg,turner,wikiart.org,A Great Tree,,https://uploads0.wikiart.org/00287/images/william-turner/a-great-tree-c-1796.jpg!Large.jpg
turner_00004.jpg,turner,wikiart.org,Fishermen at Sea,,https://uploads2.wikiart.org/images/william-turner/fishermen-at-sea.jpg!Large.jpg
turner_00005.jpg,turner,wikiart.org,"Wolverhampton, Staffordshire",,https://uploads4.wikiart.org/images/william-turner/wolverhampton-staffordshire.jpg!Large.jpg
turner_00006.jpg,turner,wikiart.org,"Moonlight, A Study at Millbank",,https://uploads6.wikiart.org/images/william-turner/moonlight-a-study-at-millbank.jpg!Large.jpg
turner_00007.jpg,turner,wikiart.org,"Mountain Stream, Coniston",,https://uploads1.wikiart.org/images/william-turner/mountain-stream-coniston.jpg!Large.jpg
turner_00008.jpg,turner,wikiart.org,"Buttermere Lake, with Part of Cromackwater, Cumberland, a Shower",,https://uploads1.wikiart.org/images/william-turner/buttermere-lake-a-shower.jpg!Large.jpg
turner_00009.jpg,turner,wikiart.org,"Morning Amongst the Coniston Fells, Cumberland",,https://uploads1.wikiart.org/00223/images/william-turner/n00461-9.jpg!Large.jpg
turner_00010.jpg,turner,wikiart.org,Caernarvon Castle,,https://uploads3.wikiart.org/images/william-turner/caernarvon-castle.jpg!Large.jpg
turner_00011.jpg,turner,wikiart.org,Dolbadern Castle,,https://uploads2.wikiart.org/images/william-turner/dolbadern-castle.jpg!Large.jpg
turner_00012.jpg,turner,wikiart.org,Perspective View of Fonthill Abbey from the South West,,https://uploads4.wikiart.org/images/william-turner/perspective-view-of-fonthill-abbey-from-the-south-west.jpg!Large.jpg
turner_00013.jpg,turner,wikiart.org,Self-Portrait,,https://uploads1.wikiart.org/images/william-turner/self-portrait-1.jpg!Large.jpg
turner_00014.jpg,turner,wikiart.org,"South View of Christ Church, from the Meadows",,https://uploads8.wikiart.org/images/william-turner/south-view-of-christ-church-from-the-meadows-1799.jpg!Large.jpg
turner_00015.jpg,turner,wikiart.org,"Warkworth Castle, Northumberland; Thunderstorm Approaching at Sunset",,https://uploads0.wikiart.org/images/william-turner/warkworth-castle-northumberland-thunder-storm-approaching-at-sun-set.jpg!Large.jpg
turner_00016.jpg,turner,wikiart.org,The Fifth Plague of Egypt,,https://uploads2.wikiart.org/images/william-turner/the-fifth-plague-of-egypt.jpg!Large.jpg
turner_00017.jpg,turner,wikiart.org,Dutch Boats in a Gale,,https://uploads7.wikiart.org/images/william-turner/dutch-boats-in-a-gale.jpg!Large.jpg
turner_00018.jpg,turner,wikiart.org,Dutch Fishing Boats in a Storm,,https://uploads7.wikiart.org/images/william-turner/dutch-fishing-boats-in-a-storm.jpg!Large.jpg
turner_00019.jpg,turner,wikiart.org,"Pembroke Castle, South Wales, Thunder Storm Approaching",,https://uploads3.wikiart.org/images/william-turner/pembroke-caselt-south-wales-thunder-storm-approaching.jpg!Large.jpg
turner_00020.jpg,turner,wikiart.org,A Canal Tunnel Near Leeds,,https://uploads2.wikiart.org/images/william-turner/a-canal-tunnel-near-leeds.jpg!Large.jpg
turner_00021.jpg,turner,wikiart.org,Fishermen Upon a Lee Shore in Squally Weather,,https://uploads4.wikiart.org/00287/images/william-turner/fishermen-upon-a-lee-shore-in-squally-weather-1802.jpg!Large.jpg
turner_00022.jpg,turner,wikiart.org,Lake Lucerne,,https://uploads7.wikiart.org/images/william-turner/lake-lucerne.jpg!Large.jpg
turner_00023.jpg,turner,wikiart.org,Ships Bearing up for Anchorage ('The Egremont Sea Piece'),,https://uploads8.wikiart.org/images/william-turner/ships-bearing-up-for-anchorage-the-egremont-sea-piece-1802.jpg!Large.jpg
turner_00024.jpg,turner,wikiart.org,"Bonneville, Savoy with Mont Blanc",,https://uploads0.wikiart.org/images/william-turner/bonneville-savoy-with-mont-blanc.jpg!Large.jpg
turner_00025.jpg,turner,wikiart.org,"Calais Pier, with French Poissards Preparing for Sea, an English Packeet Arriving",,https://uploads8.wikiart.org/00290/images/william-turner/joseph-mallord-william-turner-024-1.jpg!Large.jpg
turner_00026.jpg,turner,wikiart.org,"Glacier and Source of the Arveron, Going Up to the Mer de Glace",,https://uploads3.wikiart.org/images/william-turner/glacier-and-source-of-the-arveron-going-up-to-the-mer-de-glace.jpg!Large.jpg
turner_00027.jpg,turner,wikiart.org,"The Festival of the Opening of the Vintage, Macon",,https://uploads7.wikiart.org/images/william-turner/the-festival-of-the-opening-of-the-vintage-macon.jpg!Large.jpg
turner_00028.jpg,turner,wikiart.org,Genda,,https://uploads0.wikiart.org/images/william-turner/genda.jpg!Large.jpg
turner_00029.jpg,turner,wikiart.org,The Passage of the St. Gothard,,https://uploads6.wikiart.org/images/william-turner/the-passage-of-the-st-gothard.jpg!Large.jpg
turner_00030.jpg,turner,wikiart.org,Interior of Salisbury Cathedral,,https://uploads8.wikiart.org/images/william-turner/interior-of-salisbury-cathedral.jpg!Large.jpg
turner_00031.jpg,turner,wikiart.org,The Shipwreck,,https://uploads8.wikiart.org/images/william-turner/the-shipwreck.jpg!Large.jpg
turner_00032.jpg,turner,wikiart.org,"The Lake of Thun, Switzerland",,https://uploads5.wikiart.org/images/william-turner/the-lake-of-thun-switzerland.jpg!Large.jpg
turner_00033.jpg,turner,wikiart.org,Windsor Castle from the Thames,,https://uploads7.wikiart.org/images/william-turner/windsor-castle-from-the-thames.jpg!Large.jpg
turner_00034.jpg,turner,wikiart.org,Sun Rising through Vapour: Fishermen Cleaning and Selling Fish,,https://uploads3.wikiart.org/images/william-turner/sun-rising-through-vagour-fishermen-cleaning-and-sellilng-fish.jpg!Large.jpg
turner_00035.jpg,turner,wikiart.org,The Thames near Walton Bridges,,https://uploads7.wikiart.org/images/william-turner/the-thames-near-walton-bridges.jpg!Large.jpg
turner_00036.jpg,turner,wikiart.org,"Tree Tops and Sky, Guildford Castle",,https://uploads2.wikiart.org/images/william-turner/tree-tops-and-sky-guildford-castle.jpg!Large.jpg
turner_00037.jpg,turner,wikiart.org,"Pope's Villa, at Twickenham",,https://uploads3.wikiart.org/images/william-turner/pope-s-villa-at-twickenham.jpg!Large.jpg
turner_00038.jpg,turner,wikiart.org,"The Battle of Trafalgar, as Seen from the Mizen Starboard Shrouds of the Victory",,https://uploads7.wikiart.org/images/william-turner/the-battle-of-trafalgar-as-seen-from-the-mizen-starboard-shrouds-of-the-victory-1808.jpg!Large.jpg
turner_00039.jpg,turner,wikiart.org,London,,https://uploads1.wikiart.org/images/william-turner/london.jpg!Large.jpg
turner_00040.jpg,turner,wikiart.org,"Ploughing up Turnips, near Slough",,https://uploads0.wikiart.org/images/william-turner/ploughing-up-turnips-near-slough.jpg!Large.jpg
turner_00041.jpg,turner,wikiart.org,The big connection channel at Southall Mill,,https://uploads2.wikiart.org/images/william-turner/the-big-connection-channel-at-southall-mill.jpg!Large.jpg
turner_00042.jpg,turner,wikiart.org,The Fall of an Avalanche in the Grisons,,https://uploads7.wikiart.org/images/william-turner/the-fall-of-an-avalanche-in-the-grisons.jpg!Large.jpg
turner_00043.jpg,turner,wikiart.org,The Lake Geneva seen from Montreux,,https://uploads2.wikiart.org/images/william-turner/the-lake-geneva-seen-from-montreux.jpg!Large.jpg
turner_00044.jpg,turner,wikiart.org,The Wreck of a Transport Ship,,https://uploads6.wikiart.org/images/william-turner/the-wreck-of-a-transport-ship.jpg!Large.jpg
turner_00045.jpg,turner,wikiart.org,Scarborough Town and Castle. Morning.Boys Catching Crabs,,https://uploads7.wikiart.org/images/william-turner/scarborough-town-and-castle0-morning0-boys-catching-crabs.jpg!Large.jpg
turner_00046.jpg,turner,wikiart.org,"The Eruption of the Soufrière Mountains in the Island of St Vincent, 30 April 1812",,https://uploads8.wikiart.org/00287/images/william-turner/the-eruption-of-the-soufri-re-mountains-in-the-island-of-st-vincent-30-april-1812.jpg!Large.jpg
turner_00047.jpg,turner,wikiart.org,"Snow Storm, Hannibal and His Army Crossing the Alps",,https://uploads0.wikiart.org/images/william-turner/snow-storm-hannibal-and-his-army-crossing-the-alps.jpg!Large.jpg
turner_00048.jpg,turner,wikiart.org,Frosty Morning,,https://uploads0.wikiart.org/images/william-turner/frosty-morning.jpg!Large.jpg
turner_00049.jpg,turner,wikiart.org,The Mew Stone at the Entrance of Plymouth Sound,,https://uploads6.wikiart.org/images/william-turner/the-mew-stone-at-the-entrance-of-plymouth-sound.jpg!Large.jpg
turner_00050.jpg,turner,wikiart.org,Crossing the Brook,,https://uploads4.wikiart.org/images/william-turner/crossing-the-brook.jpg!Large.jpg
turner_00051.jpg,turner,wikiart.org,Dido Building Carthage,,https://uploads8.wikiart.org/images/william-turner/dido-building-carthage.jpg!Large.jpg
turner_00052.jpg,turner,wikiart.org,"The Battle of Fort Rock, Val d'Aoste, Piedmont",,https://uploads3.wikiart.org/images/william-turner/the-battle-of-fort-rock-val-d-aoste-piedmont.jpg!Large.jpg
turner_00053.jpg,turner,wikiart.org,"Pendennis Castle, Cornwall Scene after a Wreck",,https://uploads4.wikiart.org/images/william-turner/pendennis-castle-cornwall-scene-after-a-wreck.jpg!Large.jpg
turner_00054.jpg,turner,wikiart.org,The Vale of Ashburnham,,https://uploads8.wikiart.org/images/william-turner/the-vale-of-ashburnham.jpg!Large.jpg
turner_00055.jpg,turner,wikiart.org,Ingleborough From The Terrace Of Hornby Castle,,https://uploads5.wikiart.org/images/william-turner/ingleborough-from-the-terrace-of-hornby-castle.jpg!Large.jpg
turner_00056.jpg,turner,wikiart.org,Landscape Composition of Tivoli,,https://uploads8.wikiart.org/images/william-turner/landscape-composition-of-tivoli.jpg!Large.jpg
turner_00057.jpg,turner,wikiart.org,Mount Vesuvius in Eruption,,https://uploads8.wikiart.org/images/william-turner/mount-vesuvius-in-eruption-1817.jpg!Large.jpg
turner_00058.jpg,turner,wikiart.org,The Decline of the Carthaginian Empire,,https://uploads8.wikiart.org/images/william-turner/the-decline-of-the-carthaginian-empire-1.jpg!Large.jpg
turner_00059.jpg,turner,wikiart.org,Borthwick Castle,,https://uploads0.wikiart.org/00287/images/william-turner/1.png!Large.jpg
turner_00060.jpg,turner,wikiart.org,A First Rate Taking In Stores,,https://uploads2.wikiart.org/images/william-turner/a-first-rate-taking-in-stores-1818.jpg!Large.jpg
turner_00061.jpg,turner,wikiart.org,"Dort, the Dort Packet Boat from Rotterdam Bacalmed",,https://uploads8.wikiart.org/images/william-turner/dort-the-dort-packet-boat-from-rotterdam-bacalmed.jpg!Large.jpg
turner_00062.jpg,turner,wikiart.org,Kirby Lonsdale Churchyard,,https://uploads2.wikiart.org/images/william-turner/kirby-londsale-churchyard.jpg!Large.jpg
turner_00063.jpg,turner,wikiart.org,"Raby Castle, Residence of the Earl of Darlington",,https://uploads6.wikiart.org/images/william-turner/raby-castle-residence-of-the-earl-of-darlington.jpg!Large.jpg
turner_00064.jpg,turner,wikiart.org,"Heriot's Hospital, Edinburgh",,https://uploads4.wikiart.org/images/william-turner/heriot-s-hospital-edinburgh.jpg!Large.jpg
turner_00065.jpg,turner,wikiart.org,"Rome, The Forum with a Rainbow",,https://uploads6.wikiart.org/images/william-turner/rome-the-forum-with-a-rainbow.jpg!Large.jpg
turner_00066.jpg,turner,wikiart.org,San Giorgio Maggiore in the Morning,,https://uploads3.wikiart.org/images/william-turner/san-giorgio-maggiore-in-the-morning.jpg!Large.jpg
turner_00067.jpg,turner,wikiart.org,St. Peter's from the south,,https://uploads2.wikiart.org/images/william-turner/st-peter-s-from-the-south.jpg!Large.jpg
turner_00068.jpg,turner,wikiart.org,"Venice, Looking East from the Guidecca, Sunrise",,https://uploads4.wikiart.org/images/william-turner/venice-looking-east-from-the-guidecca-sunrise.jpg!Large.jpg
turner_00069.jpg,turner,wikiart.org,Wilderness A Engedi & Convent of Santa Saba,,https://uploads0.wikiart.org/images/william-turner/wilderness-a-engedi-convent-of-santa-saba.jpg!Large.jpg
turner_00070.jpg,turner,wikiart.org,Rome from the Vatican,,https://uploads7.wikiart.org/images/william-turner/rome-from-the-vatican.jpg!Large.jpg
turner_00071.jpg,turner,wikiart.org,"Rome, The Colosseum",,https://uploads4.wikiart.org/images/william-turner/rome-the-colosseum.jpg!Large.jpg
turner_00072.jpg,turner,wikiart.org,Rome From Monte Testaccio,,https://uploads2.wikiart.org/images/william-turner/rome-from-monte-testaccio.jpg!Large.jpg
turner_00073.jpg,turner,wikiart.org,Norham Castle on the Tweed,,https://uploads3.wikiart.org/images/william-turner/norham-castle-on-the-tweed.jpg!Large.jpg
turner_00074.jpg,turner,wikiart.org,What You Will!,,https://uploads4.wikiart.org/images/william-turner/what-you-will-1822.jpg!Large.jpg
turner_00075.jpg,turner,wikiart.org,"Shields, on the River Tyne",,https://uploads6.wikiart.org/00265/images/william-turner/d18155-10.jpg!Large.jpg
turner_00076.jpg,turner,wikiart.org,A Storm (Shipwreck),,https://uploads3.wikiart.org/images/william-turner/a-storm-shipwreck.jpg!Large.jpg
turner_00077.jpg,turner,wikiart.org,Childe Harold,,https://uploads8.wikiart.org/images/william-turner/childe-harold.jpg!Large.jpg
turner_00078.jpg,turner,wikiart.org,"Norham Castle, on the River Tweed",,https://uploads0.wikiart.org/images/william-turner/norham-castle-on-the-river-tweed.jpg!Large.jpg
turner_00079.jpg,turner,wikiart.org,"Rye, Sussex",,https://uploads5.wikiart.org/images/william-turner/rye-sussex.jpg!Large.jpg
turner_00080.jpg,turner,wikiart.org,"The Bay of Baiae, with Apollo and the Sibyl",,https://uploads1.wikiart.org/images/william-turner/the-bay-of-baiae-with-apollo-and-the-sibyl.jpg!Large.jpg
turner_00081.jpg,turner,wikiart.org,"Arundel Castle, with Rainbow",,https://uploads4.wikiart.org/images/william-turner/arundel-castle-with-rainbow.jpg!Large.jpg
turner_00082.jpg,turner,wikiart.org,Rhodes (for Lord Byron's Works),,https://uploads2.wikiart.org/images/william-turner/rhodes-for-lord-byron-s-works-1824.jpg!Large.jpg
turner_00083.jpg,turner,wikiart.org,"The Bass Rock, for The Provincial Antiquities of Scotland",,https://uploads6.wikiart.org/images/william-turner/the-bass-rock-for-the-provincial-antiquities-of-scotland.jpg!Large.jpg
turner_00084.jpg,turner,wikiart.org,"Rievaulx Abbey, Yorkshire",,https://uploads0.wikiart.org/images/william-turner/rivaulx-abbey-yorkshire.jpg!Large.jpg
turner_00085.jpg,turner,wikiart.org,Shipwreck off Hastings,,https://uploads8.wikiart.org/images/william-turner/shipwreck-off-hastings.jpg!Large.jpg
turner_00086.jpg,turner,wikiart.org,Storm Clouds Sunset,,https://uploads5.wikiart.org/images/william-turner/storm-clouds-sunset.jpg!Large.jpg
turner_00087.jpg,turner,wikiart.org,Portsmouth,,https://uploads5.wikiart.org/images/william-turner/portsmouth.jpg!Large.jpg
turner_00088.jpg,turner,wikiart.org,"Fall of the Trees, Yorkshire",,https://uploads4.wikiart.org/images/william-turner/fall-of-the-trees-yorkshire.jpg!Large.jpg
turner_00089.jpg,turner,wikiart.org,Mortlake Terrace,,https://uploads2.wikiart.org/images/william-turner/mortlake-terrace.jpg!Large.jpg
turner_00090.jpg,turner,wikiart.org,Okehampton,,https://uploads5.wikiart.org/images/william-turner/okehampton.jpg!Large.jpg
turner_00091.jpg,turner,wikiart.org,"Prudhoe Castle, Northumberland",,https://uploads6.wikiart.org/images/william-turner/prudhoe-castle-northumberland.jpg!Large.jpg
turner_00092.jpg,turner,wikiart.org,"View from the Terrace of a Villa at Niton, Isle of Wight",,https://uploads2.wikiart.org/images/william-turner/view-from-the-terrace-of-a-villa-at-niton-isle-of-wight-from-sketches-by-a-lady.jpg!Large.jpg
turner_00093.jpg,turner,wikiart.org,"Cowes, Isle of Wight",,https://uploads5.wikiart.org/images/william-turner/cowes-isle-of-wight.jpg!Large.jpg
turner_00094.jpg,turner,wikiart.org,"Louth, Lincolnshire",,https://uploads4.wikiart.org/images/william-turner/louth-lincolnshire.jpg!Large.jpg
turner_00095.jpg,turner,wikiart.org,"The Lake, Petworth, Sunset; Sample Study",,https://uploads5.wikiart.org/00246/images/william-turner/2.jpg!Large.jpg
turner_00096.jpg,turner,wikiart.org,A Ship Aground,,https://uploads0.wikiart.org/images/william-turner/a-ship-aground.jpg!Large.jpg
turner_00097.jpg,turner,wikiart.org,"Alnwick Castle, Northumberland",,https://uploads6.wikiart.org/images/william-turner/alnwick-castle-northumberland.jpg!Large.jpg
turner_00098.jpg,turner,wikiart.org,Archway with Trees by the Sea,,https://uploads6.wikiart.org/images/william-turner/archway-with-trees-by-the-sea.jpg!Large.jpg
turner_00099.jpg,turner,wikiart.org,Ariccia Sunset,,https://uploads0.wikiart.org/images/william-turner/ariccia-sunset.jpg!Large.jpg
turner_00100.jpg,turner,wikiart.org,"Carisbrook Castle, Isle of Wight",,https://uploads8.wikiart.org/images/william-turner/carisbrook-castle-isle-of-wight.jpg!Large.jpg
turner_00101.jpg,turner,wikiart.org,Chichester Canal,,https://uploads2.wikiart.org/images/william-turner/chichester-canal.jpg!Large.jpg
turner_00102.jpg,turner,wikiart.org,"East Cowes Castle, the seat of J.Nash, Esq. the Regatta beating to windward",,https://uploads4.wikiart.org/images/william-turner/east-cowes-castle-the-seat-of-j-nash-esq-the-regatta-beating-to-windward.jpg!Large.jpg
turner_00103.jpg,turner,wikiart.org,Hill Town on the Edge of the Campagna,,https://uploads5.wikiart.org/images/william-turner/hill-town-on-the-edge-of-the-campagna.jpg!Large.jpg
turner_00104.jpg,turner,wikiart.org,Interior at Petworth,,https://uploads6.wikiart.org/images/william-turner/interior-at-petworth.jpg!Large.jpg
turner_00105.jpg,turner,wikiart.org,"Petworth Park, Tillington Church in the Distance",,https://uploads6.wikiart.org/images/william-turner/petworth-park-tillington-church-in-the-distance.jpg!Large.jpg
turner_00106.jpg,turner,wikiart.org,"Petworth, the Drawing room, Bodycolor on blue paper",,https://uploads8.wikiart.org/images/william-turner/petworth-the-drawing-room-bodycolor-on-blue-paper.jpg!Large.jpg
turner_00107.jpg,turner,wikiart.org,"Playing Billiards, Petworth",,https://uploads3.wikiart.org/images/william-turner/playing-billiards-petworth.jpg!Large.jpg
turner_00108.jpg,turner,wikiart.org,Stonehenge,,https://uploads5.wikiart.org/images/william-turner/stonehenge.jpg!Large.jpg
turner_00109.jpg,turner,wikiart.org,"The Chain Pier, Brighton",,https://uploads0.wikiart.org/images/william-turner/the-chain-pier-brighton.jpg!Large.jpg
turner_00110.jpg,turner,wikiart.org,Two Recumbent Nude,,https://uploads4.wikiart.org/images/william-turner/two-recumbent-nude.jpg!Large.jpg
turner_00111.jpg,turner,wikiart.org,"The Lake, Petworth Sunset, Fighting Bucks",,https://uploads7.wikiart.org/images/william-turner/the-lake-petworth-sunset-fighting-bucks.jpg!Large.jpg
turner_00112.jpg,turner,wikiart.org,Ulysses Deriding Polyphemus,,https://uploads0.wikiart.org/images/william-turner/ulysses-deriding-polyphemus-1829.jpg!Large.jpg
turner_00113.jpg,turner,wikiart.org,View of Orvieto,,https://uploads6.wikiart.org/images/william-turner/view-of-orvieto-1829.jpg!Large.jpg
turner_00114.jpg,turner,wikiart.org,Virginia Water,,https://uploads0.wikiart.org/images/william-turner/virginia-water.jpg!Large.jpg
turner_00115.jpg,turner,wikiart.org,Death on a Pale Horse,,https://uploads3.wikiart.org/images/william-turner/death-on-a-pale-horse-1830.jpg!Large.jpg
turner_00116.jpg,turner,wikiart.org,Kenilworth Castle,,https://uploads3.wikiart.org/images/william-turner/kenilworth-castle.jpg!Large.jpg
turner_00117.jpg,turner,wikiart.org,Rocky Bay with Figures,,https://uploads8.wikiart.org/images/william-turner/rocky-bay-with-figures.jpg!Large.jpg
turner_00118.jpg,turner,wikiart.org,Scene on the Loire,,https://uploads0.wikiart.org/images/william-turner/scene-on-the-loire-1830.jpg!Large.jpg
turner_00119.jpg,turner,wikiart.org,Sea View,,https://uploads7.wikiart.org/00290/images/william-turner/sea-view-by-j-m-w-turner-scottish-national-gallery-1.jpg!Large.jpg
turner_00120.jpg,turner,wikiart.org,The Evening Star,,https://uploads0.wikiart.org/00291/images/william-turner/jmw-turner-the-evening-star.jpg!Large.jpg
turner_00121.jpg,turner,wikiart.org,Caligula's Palace and Bridge,,https://uploads5.wikiart.org/images/william-turner/caligula-s-palace-and-bridge.jpg!Large.jpg
turner_00122.jpg,turner,wikiart.org,Fort Vimieux,,https://uploads7.wikiart.org/images/william-turner/fort-vimieux.jpg!Large.jpg
turner_00123.jpg,turner,wikiart.org,Helvoetsluys Ships Going out to Sea,,https://uploads3.wikiart.org/00287/images/william-turner/helvoetsluys-ships-going-out-to-sea-1832.jpg!Large.jpg
turner_00124.jpg,turner,wikiart.org,"Staffa, Fingal's Cave",,https://uploads6.wikiart.org/images/william-turner/staffa-fingal-s-cave.jpg!Large.jpg
turner_00125.jpg,turner,wikiart.org,View over Town at Sunset: a Cemetery in the Foreground,,https://uploads2.wikiart.org/images/william-turner/view-over-town-at-suset-a-cemetery-in-the-foreground.jpg!Large.jpg
turner_00126.jpg,turner,wikiart.org,"Bridge of Sighs, Ducal Palace and Custom House, Venice Canaletti Painting",,https://uploads3.wikiart.org/images/william-turner/bridge-of-sighs-ducal-palace-and-custom-house-venice-canaletti-painting.jpg!Large.jpg
turner_00127.jpg,turner,wikiart.org,"Quillebeuf, at the Mouth of Seine",,https://uploads0.wikiart.org/images/william-turner/quillebeuf-at-the-mouth-of-seine.jpg!Large.jpg
turner_00128.jpg,turner,wikiart.org,The Burning of the Houses of Parliament,,https://uploads0.wikiart.org/images/william-turner/the-burning-of-the-houses-of-parliament-1.jpg!Large.jpg
turner_00129.jpg,turner,wikiart.org,The Burning of the Houses of Parliament,,https://uploads0.wikiart.org/images/william-turner/the-burning-of-the-houses-of-parliament-2.jpg!Large.jpg
turner_00130.jpg,turner,wikiart.org,"Venice, The Dogana and San Giorgio Maggiore",,https://uploads1.wikiart.org/images/william-turner/venice-the-dogana-and-san-giorgio-maggiore.jpg!Large.jpg
turner_00131.jpg,turner,wikiart.org,Wreckers Coast of Northumberland,,https://uploads0.wikiart.org/images/william-turner/wreckers-coast-of-northumberland.jpg!Large.jpg
turner_00132.jpg,turner,wikiart.org,The Thames Above Waterloo Bridge,,https://uploads7.wikiart.org/00223/images/william-turner/the-thames-above-waterloo-bridge.jpg!Large.jpg
turner_00133.jpg,turner,wikiart.org,Dinner in a Great Room with Figures- in Costume,,https://uploads5.wikiart.org/images/william-turner/dinner-in-a-great-room-with-figures-in-costume.jpg!Large.jpg
turner_00134.jpg,turner,wikiart.org,Fire at Sea,,https://uploads6.wikiart.org/images/william-turner/fire-at-sea.jpg!Large.jpg
turner_00135.jpg,turner,wikiart.org,Landscape with a River and a Bay in the Background,,https://uploads0.wikiart.org/images/william-turner/landscape-with-a-river-and-a-bay-in-the-background.jpg!Large.jpg
turner_00136.jpg,turner,wikiart.org,"Longship Lighthouse, Lands End",,https://uploads6.wikiart.org/images/william-turner/longship-lighthouse-lands-end.jpg!Large.jpg
turner_00137.jpg,turner,wikiart.org,"Music Company, Petworth",,https://uploads8.wikiart.org/images/william-turner/music-company-petworth.jpg!Large.jpg
turner_00138.jpg,turner,wikiart.org,"The Bright Stone of Honour (Ehrenbreitstein) and the Tomb of Marceau, from Byron's 'Childe Harold'",,https://uploads3.wikiart.org/images/william-turner/the-bright-stone-of-honour-ehrenbreitstein-and-the-tomb-of-marceau-from-byron-s-childe-harold-1835.jpg!Large.jpg
turner_00139.jpg,turner,wikiart.org,The Burning of the Houses of Parliament,,https://uploads0.wikiart.org/images/william-turner/the-burning-of-the-houses-of-parliament-3.jpg!Large.jpg
turner_00140.jpg,turner,wikiart.org,"The High Street, Oxford",,https://uploads4.wikiart.org/images/william-turner/the-high-street-oxford-1835.jpg!Large.jpg
turner_00141.jpg,turner,wikiart.org,Two women and a letter,,https://uploads8.wikiart.org/images/william-turner/two-women-and-a-letter.jpg!Large.jpg
turner_00142.jpg,turner,wikiart.org,Yacht Approaching the Coast,,https://uploads4.wikiart.org/images/william-turner/yacht-approaching-the-coast.jpg!Large.jpg
turner_00143.jpg,turner,wikiart.org,Shore Scene with Waves and Breakwater,,https://uploads1.wikiart.org/images/william-turner/shore-scene-with-waves-and-breakwater-1835.jpg!Large.jpg
turner_00144.jpg,turner,wikiart.org,Riders on a Beach,,https://uploads8.wikiart.org/images/william-turner/riders-on-a-beach-1835.jpg!Large.jpg
turner_00145.jpg,turner,wikiart.org,Keelmen Heaving in Coals by Night,,https://uploads1.wikiart.org/images/william-turner/keelmen-heaving-in-coals-by-night.jpg!Large.jpg
turner_00146.jpg,turner,wikiart.org,Rome from Mount Aventine,,https://uploads1.wikiart.org/images/william-turner/rome-from-mount-aventine.jpg!Large.jpg
turner_00147.jpg,turner,wikiart.org,"Val d'Aosta: Snowstorm, Avalanche and Thunderstorm",,https://uploads2.wikiart.org/00290/images/william-turner/chicago-art-inst-turner-vallee-aoste-1.JPG!Large.jpg
turner_00148.jpg,turner,wikiart.org,Hero and Leander's farewell,,https://uploads4.wikiart.org/images/william-turner/hero-and-leander-s-farewell.jpg!Large.jpg
turner_00149.jpg,turner,wikiart.org,Interior of Petworth House,,https://uploads3.wikiart.org/images/william-turner/interior-of-petworth-house.jpg!Large.jpg
turner_00150.jpg,turner,wikiart.org,Regulus,,https://uploads7.wikiart.org/images/william-turner/regulus-1837.jpg!Large.jpg
turner_00151.jpg,turner,wikiart.org,Ancient Italy. Ovid Banished from Rome,,https://uploads5.wikiart.org/images/william-turner/ancient-italy-ovid-banished-from-rome.jpg!Large.jpg
turner_00152.jpg,turner,wikiart.org,Flint Castle,,https://uploads7.wikiart.org/images/william-turner/flint-castle.jpg!Large.jpg
turner_00153.jpg,turner,wikiart.org,Ancient Rome Agrippina Landing with the Ashes of Germanicus,,https://uploads0.wikiart.org/images/william-turner/ancient-rome-agrippina-landing-with-the-ashes-of-germanicus.jpg!Large.jpg
turner_00154.jpg,turner,wikiart.org,The Fighting Temeraire tugged to her last berth to be broken up,,https://uploads0.wikiart.org/images/william-turner/the-fighting-temeraire-tugged-to-her-last-berth-to-be-broken-up-1839.jpg!Large.jpg
turner_00155.jpg,turner,wikiart.org,Sun Setting over a Lake,,https://uploads0.wikiart.org/00206/images/william-turner/n04665-10.jpg!Large.jpg
turner_00156.jpg,turner,wikiart.org,Ehrenbreitstein and Coblenz,,https://uploads4.wikiart.org/images/william-turner/ehrenbrietstein-and-coblenz.jpg!Large.jpg
turner_00157.jpg,turner,wikiart.org,"Sunrise, with a Boat between Headlands",,https://uploads1.wikiart.org/images/william-turner/sunrise-with-a-boat-between-headlands-1840.jpg!Large.jpg
turner_00158.jpg,turner,wikiart.org,The Slave Ship,,https://uploads0.wikiart.org/images/william-turner/the-slave-ship.jpg!Large.jpg
turner_00159.jpg,turner,wikiart.org,"Venice, seen from the Giudecca Canal",,https://uploads3.wikiart.org/images/william-turner/venice-seen-from-the-giudecca-canal.jpg!Large.jpg
turner_00160.jpg,turner,wikiart.org,Dawn After the Wreck,,https://uploads6.wikiart.org/00287/images/william-turner/dawn-after-the-wreck-1841.jpg!Large.jpg
turner_00161.jpg,turner,wikiart.org,"View of Venice. The Ducal Palace, Dogana and Part of San Giorgio",,https://uploads3.wikiart.org/00287/images/william-turner/view-of-venice-the-ducal-palace-dogana-and-part-of-san-giorgio-1841.jpg!Large.jpg
turner_00162.jpg,turner,wikiart.org,"Giudecca, la Donna della Salute and San Georgio",,https://uploads5.wikiart.org/images/william-turner/giudecca-la-donna-della-salute-and-san-georgio.jpg!Large.jpg
turner_00163.jpg,turner,wikiart.org,Goldau,,https://uploads1.wikiart.org/images/william-turner/goldau.jpg!Large.jpg
turner_00164.jpg,turner,wikiart.org,Hafod,,https://uploads0.wikiart.org/images/william-turner/hafod.jpg!Large.jpg
turner_00165.jpg,turner,wikiart.org,South of Bellinzona,,https://uploads5.wikiart.org/images/william-turner/south-of-bellinzona.jpg!Large.jpg
turner_00166.jpg,turner,wikiart.org,"Campo Santo, Venice",,https://uploads4.wikiart.org/images/william-turner/campo-santo-venice.jpg!Large.jpg
turner_00167.jpg,turner,wikiart.org,Peace - Burial at Sea,,https://uploads0.wikiart.org/images/william-turner/peace.jpg!Large.jpg
turner_00168.jpg,turner,wikiart.org,Snow Storm - Steamboat off a Harbour's Mouth,,https://uploads5.wikiart.org/images/william-turner/storm-seam-boat-off-a-harbour-s-mouth-making-signals-in-shallow-water-and-going-by-the-lead.jpg!Large.jpg
turner_00169.jpg,turner,wikiart.org,The Blue Rigi Lake of Lucerne Sunrise,,https://uploads5.wikiart.org/images/william-turner/the-blue-rigi-lake-of-lucerne-sunrise.jpg!Large.jpg
turner_00170.jpg,turner,wikiart.org,"The Dogana, San Giorgio, Citella, From the Steps of the Europa",,https://uploads0.wikiart.org/images/william-turner/the-dogana-san-giorgio-citella-from-the-steps-of-the-europa.jpg!Large.jpg
turner_00171.jpg,turner,wikiart.org,The Lake of Zug,,https://uploads8.wikiart.org/00453/images/william-turner/thelakeofzug.jpg!Large.jpg
turner_00172.jpg,turner,wikiart.org,Approach to Venice,,https://uploads4.wikiart.org/images/william-turner/approach-to-venice.jpg!Large.jpg
turner_00173.jpg,turner,wikiart.org,"Shade and Darkness, The Evening of The Deluge",,https://uploads3.wikiart.org/images/william-turner/shade-and-darkness-the-evening-of-the-deluge.jpg!Large.jpg
turner_00174.jpg,turner,wikiart.org,The Morning after the Deluge,,https://uploads5.wikiart.org/images/william-turner/the-morning-after-the-deluge.jpg!Large.jpg
turner_00175.jpg,turner,wikiart.org,The Storm,,https://uploads0.wikiart.org/00287/images/william-turner/the-storm-c-1840-45.jpg!Large.jpg
turner_00176.jpg,turner,wikiart.org,"Brunnen, from the Lake of Lucerne",,https://uploads0.wikiart.org/images/william-turner/brunnen-from-the-lake-of-lucerne.jpg!Large.jpg
turner_00177.jpg,turner,wikiart.org,Sunrise with Sea Monsters,,https://uploads2.wikiart.org/images/william-turner/sunrise-with-sea-monsters.jpg!Large.jpg
turner_00178.jpg,turner,wikiart.org,Whalers,,https://uploads2.wikiart.org/images/william-turner/whalers.jpg!Large.jpg
turner_00179.jpg,turner,wikiart.org,Venice with the Salute,,https://uploads4.wikiart.org/images/william-turner/venice-with-the-salute-1845.jpg!Large.jpg
turner_00180.jpg,turner,wikiart.org,Coast Scene,,https://uploads2.wikiart.org/images/william-turner/coast-scene-1845.jpg!Large.jpg
turner_00181.jpg,turner,wikiart.org,Figures on a Beach,,https://uploads0.wikiart.org/images/william-turner/figures-on-a-beach-1845.jpg!Large.jpg
turner_00182.jpg,turner,wikiart.org,Red Sky over a Beach,,https://uploads2.wikiart.org/images/william-turner/red-sky-over-a-beach-1845.jpg!Large.jpg
turner_00183.jpg,turner,wikiart.org,Sailing Boat in a Rough Sea,,https://uploads0.wikiart.org/images/william-turner/sailing-boat-in-a-rough-sea-1845.jpg!Large.jpg
turner_00184.jpg,turner,wikiart.org,Ship in a Storm,,https://uploads6.wikiart.org/images/william-turner/ship-in-a-storm-1845.jpg!Large.jpg
turner_00185.jpg,turner,wikiart.org,Sunset Seen from a Beach with Breakwater,,https://uploads4.wikiart.org/images/william-turner/sunset-seen-from-a-beach-with-breakwater-1845.jpg!Large.jpg
turner_00186.jpg,turner,wikiart.org,Two Figures on a Beach with a Boat,,https://uploads7.wikiart.org/images/william-turner/two-figures-on-a-beach-with-a-boat-1845.jpg!Large.jpg
turner_00187.jpg,turner,wikiart.org,Waves Breaking on a Beach,,https://uploads7.wikiart.org/images/william-turner/waves-breaking-on-a-beach-1845.jpg!Large.jpg
turner_00188.jpg,turner,wikiart.org,"Norham Castle, Sunrise",,https://uploads3.wikiart.org/00223/images/william-turner/1.jpg!Large.jpg
turner_00189.jpg,turner,wikiart.org,Going to the Ball (San Martino),,https://uploads6.wikiart.org/00287/images/william-turner/going-to-the-ball-san-martino-1846.jpg!Large.jpg
turner_00190.jpg,turner,wikiart.org,Heidelberg,,https://uploads5.wikiart.org/images/william-turner/heidelberg.jpg!Large.jpg
turner_00191.jpg,turner,wikiart.org,The Angel Standing in the Sun,,https://uploads6.wikiart.org/images/william-turner/the-angel-standing-in-the-sun.jpg!Large.jpg
turner_00192.jpg,turner,wikiart.org,"Undine Giving the Ring to Massaniello, Fisherman of Naples",,https://uploads7.wikiart.org/images/william-turner/undine-giving-the-ring-to-massaniello-fisherman-of-naples.jpg!Large.jpg
turner_00193.jpg,turner,wikiart.org,"The Brunig Pass, from Meringen",,https://uploads2.wikiart.org/images/william-turner/the-brunig-pass-from-meringen-1848.jpg!Large.jpg
turner_00194.jpg,turner,wikiart.org,Ulysses Deriding Polyphemus,,https://uploads4.wikiart.org/images/william-turner/ulysses-deriding-polyphemus.jpg!Large.jpg
turner_00195.jpg,turner,wikiart.org,Mercury Sent to Admonish Aeneas,,https://uploads8.wikiart.org/images/william-turner/mercury-sent-to-admonish-aeneas.jpg!Large.jpg
turner_00196.jpg,turner,wikiart.org,Fishermen at Sea,,https://uploads4.wikiart.org/00290/images/william-turner/joseph-mallord-william-turner-fishermen-at-sea-google-art-project-1.jpg!Large.jpg
turner_00197.jpg,turner,wikiart.org,The Sun Rising Through Vapour,,https://uploads1.wikiart.org/00287/images/william-turner/the-sun-rising-through-vapour.jpg!Large.jpg
turner_00198.jpg,turner,wikiart.org,A Windy Day,,https://uploads1.wikiart.org/00287/images/william-turner/a-windy-day.jpg!Large.jpg
turner_00199.jpg,turner,wikiart.org,"The Grand Canal, Venice, with Gondolas and Figures in the Foreground",,https://uploads2.wikiart.org/00287/images/william-turner/the-grand-canal-venice-with-gondolas-and-figures-in-the-foreground.jpg!Large.jpg
turner_00200.jpg,turner,wikiart.org,Sunset,,https://uploads5.wikiart.org/00287/images/william-turner/sunset.jpg!Large.jpg
turner_00201.jpg,turner,wikiart.org,"A bed, drapery study",,https://uploads5.wikiart.org/images/william-turner/a-bed-drapery-study.jpg!Large.jpg
turner_00202.jpg,turner,wikiart.org,"Abergavenny Bridge, Monmountshire -clearing up after a showery day",,https://uploads5.wikiart.org/images/william-turner/abergavenny-bridge-monmountshire-clearing-up-after-a-showery-day.jpg!Large.jpg
turner_00203.jpg,turner,wikiart.org,Atelier,,https://uploads2.wikiart.org/images/william-turner/atelier.jpg!Large.jpg
turner_00204.jpg,turner,wikiart.org,"Boscastle, Cornwall",,https://uploads4.wikiart.org/images/william-turner/boscastle-cornwall.jpg!Large.jpg
turner_00205.jpg,turner,wikiart.org,Conway Castle,,https://uploads8.wikiart.org/images/william-turner/conway-castle.jpg!Large.jpg
turner_00206.jpg,turner,wikiart.org,Departure of the Fleet,,https://uploads8.wikiart.org/images/william-turner/departure-of-the-fleet.jpg!Large.jpg
turner_00207.jpg,turner,wikiart.org,Dover Castle,,https://uploads7.wikiart.org/images/william-turner/dover-castle.jpg!Large.jpg
turner_00208.jpg,turner,wikiart.org,"Falmouth Harbour, Cornwall",,https://uploads2.wikiart.org/images/william-turner/falmouth-harbour-cornwall.jpg!Large.jpg
turner_00209.jpg,turner,wikiart.org,Folkestone from the Sea,,https://uploads0.wikiart.org/images/william-turner/folkestone-from-the-sea.jpg!Large.jpg
turner_00210.jpg,turner,wikiart.org,"Interior of Fountains Abbey, Yorkshire",,https://uploads5.wikiart.org/images/william-turner/interior-of-fountains-abbey-yorkshire.jpg!Large.jpg
turner_00211.jpg,turner,wikiart.org,"Ivy Bridge, Devonshire",,https://uploads7.wikiart.org/images/william-turner/ivy-bridge-devonshire.jpg!Large.jpg
turner_00212.jpg,turner,wikiart.org,Keyes Mill,,https://uploads5.wikiart.org/images/william-turner/keyes-mill.jpg!Large.jpg
turner_00213.jpg,turner,wikiart.org,Kidwelly Castle,,https://uploads1.wikiart.org/images/william-turner/kidwelly-castle.jpg!Large.jpg
turner_00214.jpg,turner,wikiart.org,"Kilchern Castle, with the Cruchan Ben Mountains, Scotland Noon",,https://uploads1.wikiart.org/images/william-turner/kilchern-castle-with-the-cruchan-ben-mountains-scotland-noon.jpg!Large.jpg
turner_00215.jpg,turner,wikiart.org,Lancaster Sands,,https://uploads1.wikiart.org/images/william-turner/lancaster-sands.jpg!Large.jpg
turner_00216.jpg,turner,wikiart.org,Melrose Abbey,,https://uploads8.wikiart.org/images/william-turner/melrose-abbey.jpg!Large.jpg
turner_00217.jpg,turner,wikiart.org,"Mont Blanc from Fort Roch, Val D'Aosta",,https://uploads5.wikiart.org/images/william-turner/mont-blanc-from-fort-roch-val-d-aosta.jpg!Large.jpg
turner_00218.jpg,turner,wikiart.org,Old London Brige,,https://uploads2.wikiart.org/images/william-turner/old-london-brige.jpg!Large.jpg
turner_00219.jpg,turner,wikiart.org,One bedroom,,https://uploads6.wikiart.org/images/william-turner/one-bedroom.jpg!Large.jpg
turner_00220.jpg,turner,wikiart.org,Painter at the easel,,https://uploads6.wikiart.org/images/william-turner/painter-at-the-easel.jpg!Large.jpg
turner_00221.jpg,turner,wikiart.org,Passage of Mount Cenis,,https://uploads8.wikiart.org/images/william-turner/passage-of-mount-cenis.jpg!Large.jpg
turner_00222.jpg,turner,wikiart.org,"Rain Steam and Speed, The Great Western Railway",,https://uploads5.wikiart.org/images/william-turner/rain-steam-and-speed-the-great-western-railway.jpg!Large.jpg
turner_00223.jpg,turner,wikiart.org,Rainbow,,https://uploads2.wikiart.org/images/william-turner/rainbow.jpg!Large.jpg
turner_00224.jpg,turner,wikiart.org,Salon,,https://uploads0.wikiart.org/images/william-turner/salon.jpg!Large.jpg
turner_00225.jpg,turner,wikiart.org,Salon,,https://uploads2.wikiart.org/images/william-turner/salon-1.jpg!Large.jpg
turner_00226.jpg,turner,wikiart.org,Shipwreck,,https://uploads4.wikiart.org/images/william-turner/shipwreck.jpg!Large.jpg
turner_00227.jpg,turner,wikiart.org,"St. Erasmus in Bishop Islips Chapel, Westminster Abbey",,https://uploads2.wikiart.org/images/william-turner/st-erasmus-in-bishop-islips-chapel-westminster-abbey.jpg!Large.jpg
turner_00228.jpg,turner,wikiart.org,Stamford,,https://uploads3.wikiart.org/images/william-turner/stamford.jpg!Large.jpg
turner_00229.jpg,turner,wikiart.org,"Sunrise, Whiting Fishing at Margate",,https://uploads2.wikiart.org/images/william-turner/sunrise-whiting-fishing-at-margate.jpg!Large.jpg
turner_00230.jpg,turner,wikiart.org,"Tabley, the Seat of Sir J.F. Leicester Bt.: Windy Day",,https://uploads8.wikiart.org/images/william-turner/tabley-the-seat-of-sir-j-f-leicester-bt-windy-day.jpg!Large.jpg
turner_00231.jpg,turner,wikiart.org,The Battle of Trafalgar,,https://uploads0.wikiart.org/images/william-turner/the-battle-of-trafalgar.jpg!Large.jpg
turner_00232.jpg,turner,wikiart.org,"The Chapter House, Salisbury Chathedral",,https://uploads6.wikiart.org/images/william-turner/the-chapter-house-salisbury-chathedral.jpg!Large.jpg
turner_00233.jpg,turner,wikiart.org,"The Devil's Bridge, St. Gothard",,https://uploads6.wikiart.org/images/william-turner/the-devil-s-bridge-st-gothard.jpg!Large.jpg
turner_00234.jpg,turner,wikiart.org,The Exile and the Snail,,https://uploads0.wikiart.org/images/william-turner/the-exile-and-the-snail.jpg!Large.jpg
turner_00235.jpg,turner,wikiart.org,"The Grand Canal, Venice, engraved by William Miller",,https://uploads8.wikiart.org/images/william-turner/the-grand-canal-venice-engraved-by-william-miller.jpg!Large.jpg
turner_00236.jpg,turner,wikiart.org,The Nordgalerie,,https://uploads1.wikiart.org/images/william-turner/the-nordgalerie.jpg!Large.jpg
turner_00237.jpg,turner,wikiart.org,"Totnes, in the River Dart",,https://uploads1.wikiart.org/images/william-turner/totnes-in-the-river-dart.jpg!Large.jpg
turner_00238.jpg,turner,wikiart.org,"Transept of Ewenny Priory, Glamorganshire",,https://uploads8.wikiart.org/images/william-turner/transept-of-ewenny-priory-glamorganshire.jpg!Large.jpg
turner_00239.jpg,turner,wikiart.org,Valley of The Brook Kedron,,https://uploads3.wikiart.org/images/william-turner/valley-of-the-brook-kedron.jpg!Large.jpg
turner_00240.jpg,turner,wikiart.org,Venice,,https://uploads2.wikiart.org/images/william-turner/venedig.jpg!Large.jpg
turner_00241.jpg,turner,wikiart.org,Welsh Bridge at Shrewsbury,,https://uploads3.wikiart.org/images/william-turner/welsh-bridge-at-shrewsbury.jpg!Large.jpg
turner_00242.jpg,turner,wikiart.org,Weymouth,,https://uploads3.wikiart.org/images/william-turner/weymouth.jpg!Large.jpg
turner_00243.jpg,turner,wikiart.org,Whitby,,https://uploads1.wikiart.org/images/william-turner/whitby.jpg!Large.jpg
constable_00000.jpg,constable,wikiart.org,A Lane near Dedham,,https://uploads0.wikiart.org/images/john-constable/a-lane-near-dedham-1802.jpg!Large.jpg
constable_00001.jpg,constable,wikiart.org,Wooded Landscape,,https://uploads7.wikiart.org/images/john-constable/wooded-landscape-1802.jpg!Large.jpg
constable_00002.jpg,constable,wikiart.org,View towards Dedham,,https://uploads1.wikiart.org/images/john-constable/view-towards-dedham-1808.jpg!Large.jpg
constable_00003.jpg,constable,wikiart.org,The Vale of Dedham,,https://uploads0.wikiart.org/images/john-constable/the-vale-of-dedham-1828.jpg!Large.jpg
constable_00004.jpg,constable,wikiart.org,Portrait of Mary Freer,,https://uploads4.wikiart.org/images/john-constable/portrait-of-mary-freer-1809.jpg!Large.jpg
constable_00005.jpg,constable,wikiart.org,View at Epsom,,https://uploads4.wikiart.org/images/john-constable/view-at-epsom-1809.jpg!Large.jpg
constable_00006.jpg,constable,wikiart.org,A Church Porch,,https://uploads5.wikiart.org/images/john-constable/a-church-porch-1810.jpg!Large.jpg
constable_00007.jpg,constable,wikiart.org,East Bergholt Rectory,,https://uploads3.wikiart.org/images/john-constable/east-bergholt-rectory-1810.jpg!Large.jpg
constable_00008.jpg,constable,wikiart.org,Landscape with Cottages,,https://uploads5.wikiart.org/images/john-constable/landscape-with-cottages-1810.jpg!Large.jpg
constable_00009.jpg,constable,wikiart.org,Willy Lot's House,,https://uploads8.wikiart.org/images/john-constable/willy-lot-s-house-1810.jpg!Large.jpg
constable_00010.jpg,constable,wikiart.org,A Lane near Flatford,,https://uploads2.wikiart.org/images/john-constable/a-lane-near-flatford-1811.jpg!Large.jpg
constable_00011.jpg,constable,wikiart.org,Boats on the Stour,,https://uploads0.wikiart.org/images/john-constable/boats-on-the-stour-1811.jpg!Large.jpg
constable_00012.jpg,constable,wikiart.org,Dedham Vale: Morning,,https://uploads1.wikiart.org/images/john-constable/dedham-vale-morning-1811.jpg!Large.jpg
constable_00013.jpg,constable,wikiart.org,Flatford Mill from a Lock on the Stour,,https://uploads2.wikiart.org/images/john-constable/flatford-mill-from-a-lock-on-the-stour-1811.jpg!Large.jpg
constable_00014.jpg,constable,wikiart.org,A Hayfield near East Bergholt at Sunset,,https://uploads3.wikiart.org/images/john-constable/a-hayfield-near-east-bergholt-at-sunset-1812.jpg!Large.jpg
constable_00015.jpg,constable,wikiart.org,Landscape Evening,,https://uploads3.wikiart.org/images/john-constable/landscape-evening.jpg!Large.jpg
constable_00016.jpg,constable,wikiart.org,Landscape with a Double Rainbow,,https://uploads4.wikiart.org/images/john-constable/landscape-with-a-double-rainbow-1812.jpg!Large.jpg
constable_00017.jpg,constable,wikiart.org,Landscape: Boys Fishing,,https://uploads4.wikiart.org/images/john-constable/landscape-boys-fishing-1813.jpg!Large.jpg
constable_00018.jpg,constable,wikiart.org,View Towards The Rectory From East Bergholt House,,https://uploads4.wikiart.org/images/john-constable/view-towards-the-rectory-from-east-bergholt-house-1813.jpg!Large.jpg
constable_00019.jpg,constable,wikiart.org,Celebration of the General Peace of 1814 in East Bergholt,,https://uploads3.wikiart.org/images/john-constable/celebration-of-the-general-peace-of-1814-in-east-bergholt-1814.jpg!Large.jpg
constable_00020.jpg,constable,wikiart.org,Flowers in a glass vase,,https://uploads0.wikiart.org/images/john-constable/flowers-in-a-glass-vase.jpg!Large.jpg
constable_00021.jpg,constable,wikiart.org,Landscape Ploughing Scene In Suffolk,,https://uploads0.wikiart.org/images/john-constable/landscape-ploughing-scene-in-suffolk-1814.jpg!Large.jpg
constable_00022.jpg,constable,wikiart.org,The Stour Valley with the Church of Dedham,,https://uploads6.wikiart.org/images/john-constable/the-stour-valley-with-the-church-of-dedham-1814.jpg!Large.jpg
constable_00023.jpg,constable,wikiart.org,Hampstead Stormy Sky,,https://uploads4.wikiart.org/images/john-constable/hampstead-stormy-sky-1814-1.jpg!Large.jpg
constable_00024.jpg,constable,wikiart.org,Boat Building,,https://uploads4.wikiart.org/images/john-constable/boat-building-1815.jpg!Large.jpg
constable_00025.jpg,constable,wikiart.org,Golding Constable's Flower Garden,,https://uploads6.wikiart.org/images/john-constable/golding-constable-s-flower-garden-1815.jpg!Large.jpg
constable_00026.jpg,constable,wikiart.org,Golding Constable's Kitchen Garden,,https://uploads7.wikiart.org/images/john-constable/golding-constable-s-kitchen-garden-1815.jpg!Large.jpg
constable_00027.jpg,constable,wikiart.org,The Mill Stream,,https://uploads6.wikiart.org/images/john-constable/the-mill-stream-1815.jpg!Large.jpg
constable_00028.jpg,constable,wikiart.org,Weymouth Bay (Bowleaze Cove),,https://uploads7.wikiart.org/images/john-constable/weymouth-bay.jpg!Large.jpg
constable_00029.jpg,constable,wikiart.org,Weymouth Bay with Jordan Hill,,https://uploads2.wikiart.org/images/john-constable/weymouth-bay-with-jordan-hill-1816.jpg!Large.jpg
constable_00030.jpg,constable,wikiart.org,Wivenhoe Park,,https://uploads4.wikiart.org/images/john-constable/wivenhoe-park-1816.jpg!Large.jpg
constable_00031.jpg,constable,wikiart.org,A Cottage in a Cornfield,,https://uploads6.wikiart.org/images/john-constable/a-cottage-in-a-cornfield-1817.jpg!Large.jpg
constable_00032.jpg,constable,wikiart.org,Flatford Mill,,https://uploads4.wikiart.org/images/john-constable/flatford-mill-1817.jpg!Large.jpg
constable_00033.jpg,constable,wikiart.org,Dedham Lock and Mill,,https://uploads2.wikiart.org/images/john-constable/dedham-lock-and-mill-1818.jpg!Large.jpg
constable_00034.jpg,constable,wikiart.org,Mrs. James Pulham Sr.,,https://uploads1.wikiart.org/images/john-constable/mrs-james-pulham-sr-1818.jpg!Large.jpg
constable_00035.jpg,constable,wikiart.org,Branch Hill Pond Hampstead,,https://uploads8.wikiart.org/images/john-constable/branch-hill-pond-hampstead-1819.jpg!Large.jpg
constable_00036.jpg,constable,wikiart.org,The White Horse,,https://uploads6.wikiart.org/images/john-constable/the-white-horse-1819.jpg!Large.jpg
constable_00037.jpg,constable,wikiart.org,Dedham Lock and Mill,,https://uploads2.wikiart.org/images/john-constable/dedham-lock-and-mill-1820.jpg!Large.jpg
constable_00038.jpg,constable,wikiart.org,Hampstead Heath,,https://uploads1.wikiart.org/images/john-constable/hampstead-heath.jpg!Large.jpg
constable_00039.jpg,constable,wikiart.org,Stratford Mill,,https://uploads0.wikiart.org/images/john-constable/stratford-mill.jpg!Large.jpg
constable_00040.jpg,constable,wikiart.org,The Low Lighthouse and Beacon Hill,,https://uploads2.wikiart.org/images/john-constable/the-low-lighthouse-and-beacon-hill.jpg!Large.jpg
constable_00041.jpg,constable,wikiart.org,"The view of Salisbury Cathedral from the river, with the house of the Archdeacon Fischer",,https://uploads6.wikiart.org/images/john-constable/the-view-of-salisbury-cathedral-from-the-river-with-the-house-of-the-archdeacon-fischer-1820.jpg!Large.jpg
constable_00042.jpg,constable,wikiart.org,View of Salisbury,,https://uploads3.wikiart.org/images/john-constable/view-of-salisbury.jpg!Large.jpg
constable_00043.jpg,constable,wikiart.org,Water Meadows near Salisbury,,https://uploads1.wikiart.org/images/john-constable/water-meadows-near-salisbury-1820.jpg!Large.jpg
constable_00044.jpg,constable,wikiart.org,Cloud Study: Horizon of Trees,,https://uploads8.wikiart.org/00453/images/john-constable/dezoomify-result-edit.jpg!Large.jpg
constable_00045.jpg,constable,wikiart.org,Cloud Study,,https://uploads2.wikiart.org/images/john-constable/cloud-study-1821.jpg!Large.jpg
constable_00046.jpg,constable,wikiart.org,Malvern Hall,,https://uploads7.wikiart.org/images/john-constable/malvern-hall.jpg!Large.jpg
constable_00047.jpg,constable,wikiart.org,Spring Ploughing,,https://uploads7.wikiart.org/images/john-constable/spring-ploughing-1821.jpg!Large.jpg
constable_00048.jpg,constable,wikiart.org,The Hay Wain,,https://uploads3.wikiart.org/images/john-constable/the-hay-wain-1821.jpg!Large.jpg
constable_00049.jpg,constable,wikiart.org,A View On The Stour Near Dedham,,https://uploads4.wikiart.org/images/john-constable/a-view-on-the-stour-near-dedham-1822.jpg!Large.jpg
constable_00050.jpg,constable,wikiart.org,Cloud Study,,https://uploads2.wikiart.org/images/john-constable/cloud-study-1822.jpg!Large.jpg
constable_00051.jpg,constable,wikiart.org,Spring clouds study,,https://uploads1.wikiart.org/images/john-constable/spring-clouds-study-1822.jpg!Large.jpg
constable_00052.jpg,constable,wikiart.org,Yarmouth Pier,,https://uploads4.wikiart.org/images/john-constable/yarmouth-pier-1822.jpg!Large.jpg
constable_00053.jpg,constable,wikiart.org,The Admiral's House (The Grove),,https://uploads2.wikiart.org/images/john-constable/the-admiral-s-house-the-grove-1823.jpg!Large.jpg
constable_00054.jpg,constable,wikiart.org,View of Salisbury Cathedral from the Bishop's Grounds,,https://uploads3.wikiart.org/images/john-constable/view-of-salisbury-cathedral-from-the-bishop-s-grounds.jpg!Large.jpg
constable_00055.jpg,constable,wikiart.org,Brighton Beach with Colliers,,https://uploads1.wikiart.org/images/john-constable/brighton-beach-with-colliers-1824.jpg!Large.jpg
constable_00056.jpg,constable,wikiart.org,Shoreham Bay near Brighton,,https://uploads8.wikiart.org/images/john-constable/shoreham-bay-near-brighton-1824.jpg!Large.jpg
constable_00057.jpg,constable,wikiart.org,Sketch for The Leaping Horse,,https://uploads1.wikiart.org/images/john-constable/sketch-for-the-leaping-horse-1824.jpg!Large.jpg
constable_00058.jpg,constable,wikiart.org,The Lock,,https://uploads8.wikiart.org/images/john-constable/the-lock-1824.jpg!Large.jpg
constable_00059.jpg,constable,wikiart.org,The Leaping Horse,,https://uploads3.wikiart.org/images/john-constable/the-leaping-horse.jpg!Large.jpg
constable_00060.jpg,constable,wikiart.org,The Young Waltonians,,https://uploads6.wikiart.org/images/john-constable/the-young-waltonians.jpg!Large.jpg
constable_00061.jpg,constable,wikiart.org,Country road,,https://uploads7.wikiart.org/images/john-constable/country-road.jpg!Large.jpg
constable_00062.jpg,constable,wikiart.org,The Cornfield,,https://uploads4.wikiart.org/images/john-constable/the-cornfield-1826.jpg!Large.jpg
constable_00063.jpg,constable,wikiart.org,Marine Parade and Old Chain Pier,,https://uploads5.wikiart.org/images/john-constable/marine-parade-and-old-chain-pier-1827.jpg!Large.jpg
constable_00064.jpg,constable,wikiart.org,Seascape Study with Rain Cloud,,https://uploads0.wikiart.org/images/john-constable/seascape-study-with-rain-cloud-1.jpg!Large.jpg
constable_00065.jpg,constable,wikiart.org,Hadleigh Castle,,https://uploads6.wikiart.org/images/john-constable/hadleigh-castle-1829.jpg!Large.jpg
constable_00066.jpg,constable,wikiart.org,Salisbury Cathedral from the Meadows,,https://uploads0.wikiart.org/images/john-constable/salisbury-cathedral-from-the-meadows-1831.jpg!Large.jpg
constable_00067.jpg,constable,wikiart.org,The Opening of Waterloo Bridge seen from Whitehall Stairs,,https://uploads7.wikiart.org/images/john-constable/the-opening-of-waterloo-bridge-seen-from-whitehall-stairs.jpg!Large.jpg
constable_00068.jpg,constable,wikiart.org,"Foord Rd Mill, Folkestone",,https://uploads6.wikiart.org/images/john-constable/foord-rd-mill-folkestone-1833.jpg!Large.jpg
constable_00069.jpg,constable,wikiart.org,Hampstead,,https://uploads0.wikiart.org/images/john-constable/hampstead-1833.jpg!Large.jpg
constable_00070.jpg,constable,wikiart.org,Old Sarum,,https://uploads0.wikiart.org/images/john-constable/old-sarum-1834.jpg!Large.jpg
constable_00071.jpg,constable,wikiart.org,View of Highgate from Hampstead Heath,,https://uploads5.wikiart.org/images/john-constable/view-of-highgate-from-hampstead-heath.jpg!Large.jpg
constable_00072.jpg,constable,wikiart.org,Die Valley Farm,,https://uploads6.wikiart.org/images/john-constable/die-valley-farm-1835.jpg!Large.jpg
constable_00073.jpg,constable,wikiart.org,Stonehenge,,https://uploads1.wikiart.org/images/john-constable/stonehenge-1835.jpg!Large.jpg
constable_00074.jpg,constable,wikiart.org,View on the River Severn at Worcester,,https://uploads1.wikiart.org/images/john-constable/view-on-the-river-severn-at-worcester-1835.jpg!Large.jpg
constable_00075.jpg,constable,wikiart.org,Cenotaph to the Memory of Sir Joshua Reynolds,,https://uploads6.wikiart.org/images/john-constable/cenotaph-to-the-memory-of-sir-joshua-reynolds-1.jpg!Large.jpg
constable_00076.jpg,constable,wikiart.org,Arundel Mill and Castle,,https://uploads5.wikiart.org/images/john-constable/arundel-mill-and-castle-1837.jpg!Large.jpg
constable_00077.jpg,constable,wikiart.org,"Cottage, Rainbow, Mill",,https://uploads6.wikiart.org/images/john-constable/cottage-rainbow-mill.jpg!Large.jpg
constable_00078.jpg,constable,wikiart.org,Scene on a River 1,,https://uploads4.wikiart.org/images/john-constable/scene-on-a-river-1.jpg!Large.jpg
constable_00079.jpg,constable,wikiart.org,Scene on a River 2,,https://uploads4.wikiart.org/images/john-constable/scene-on-a-river-2.jpg!Large.jpg
constable_00080.jpg,constable,wikiart.org,Folkstone harbour,,https://uploads2.wikiart.org/images/john-constable/fokstone-harbour.jpg!Large.jpg
constable_00081.jpg,constable,wikiart.org,Ladies From The Family Of Mr William Mason Of Colchester,,https://uploads6.wikiart.org/images/john-constable/ladies-from-the-family-of-mr-william-mason-of-colchester.jpg!Large.jpg
constable_00082.jpg,constable,wikiart.org,Pond in Branchhill,,https://uploads4.wikiart.org/images/john-constable/pond-in-branchhill.jpg!Large.jpg
constable_00083.jpg,constable,wikiart.org,Study for poppies,,https://uploads3.wikiart.org/images/john-constable/study-for-poppies.jpg!Large.jpg
constable_00084.jpg,constable,wikiart.org,Traveller,,https://uploads4.wikiart.org/images/john-constable/traveller.jpg!Large.jpg
constable_00085.jpg,constable,wikiart.org,A Windmill near Brighton,,https://uploads1.wikiart.org/images/john-constable/a-windmill-near-brighton.jpg!Large.jpg
constable_00086.jpg,constable,wikiart.org,Salisbury cathedral,,https://uploads5.wikiart.org/images/john-constable/salisbury-cathedral.jpg!Large.jpg
constable_00087.jpg,constable,wikiart.org,Stour valley and Dedham village,,https://uploads8.wikiart.org/images/john-constable/stour-valley-and-dedham-village.jpg!Large.jpg
constable_00088.jpg,constable,wikiart.org,Study of tree trunks,,https://uploads6.wikiart.org/images/john-constable/study-of-tree-trunks.jpg!Large.jpg
constable_00089.jpg,constable,wikiart.org,A Boat at the Sluice,,https://uploads6.wikiart.org/images/john-constable/a-boat-at-the-sluice.jpg!Large.jpg
constable_00090.jpg,constable,wikiart.org,Autumn berries and flowers in brown pot,,https://uploads7.wikiart.org/images/john-constable/autumn-berries-and-flowers-in-brown-pot.jpg!Large.jpg
constable_00091.jpg,constable,wikiart.org,Coast scene with breaking cloud Sun,,https://uploads3.wikiart.org/images/john-constable/coast-scene-with-breaking-cloud-sun.jpg!Large.jpg
constable_00092.jpg,constable,wikiart.org,Self-Portrait,,https://uploads7.wikiart.org/images/john-constable/selfportrait.jpg!Large.jpg
